Meeting Pattern,Enrolled,Capacity,Utilization
MTuWTh,31.0,32.0,0.96875
MWF,27.0,30.0,0.9666666666666667
MW,23.0,30.0,0.9375
M,22.0,25.0,0.9333333333333333
TuF,13.0,14.0,0.9285714285714286
W,24.0,25.0,0.9230769230769231
TuTh,29.0,32.0,0.9166666666666666
Tu,23.0,25.0,0.9090909090909091
MTuWF,29.0,32.0,0.90625
Th,24.0,25.0,0.9
ThF,10.5,12.0,0.875
F,19.0,25.0,0.8571428571428571
WF,28.5,33.5,0.6735
MWThF,18.0,32.0,0.5625
MF,6.0,20.0,0.5
Sa,19.0,65.0,0.368
